Date,Cases,Tests,Hospitalizations,Deaths,Vaccinations
2020-03-01,105.0,1144,51.0,3,465
2020-03-02,106.0,1078,45.0,6,459
2020-03-03,109.0,939,39.0,2,502
2020-03-04,113.0,1123,53.0,3,511
2020-03-05,110.0,907,36.0,6,511
2020-03-06,89.0,1080,44.0,7,538
2020-03-07,97.0,1028,67.0,5,469
2020-03-08,103.0,1039,46.0,8,476
2020-03-09,100.0,944,32.0,5,497
2020-03-10,107.0,1059,66.0,8,507
2020-03-11,79.0,973,35.0,7,468
2020-03-12,82.0,1013,55.0,5,467
2020-03-13,100.0,1085,51.0,4,501
2020-03-14,116.0,903,59.0,5,509
2020-03-15,106.0,923,38.0,5,497
2020-03-16,94.0,1058,58.0,10,521
2020-03-17,84.0,1039,48.0,2,543
2020-03-18,115.0,1075,52.0,7,495
2020-03-19,109.0,1073,51.0,6,525
2020-03-20,118.0,1076,36.0,5,487
2020-03-21,83.0,1068,28.0,3,511
2020-03-22,109.0,1127,45.0,2,535
2020-03-23,104.0,924,51.0,7,485
2020-03-24,72.0,958,48.0,5,514
2020-03-25,78.0,1033,53.0,5,531
2020-03-26,89.0,892,40.0,4,483
2020-03-27,117.0,1006,48.0,4,469
2020-03-28,98.0,1051,37.0,3,536
2020-03-29,100.0,1047,36.0,1,472
2020-03-30,124.0,936,67.0,8,504
2020-03-31,98.0,1027,44.0,4,467
2020-04-01,85.0,1060,41.0,6,499
2020-04-02,98.0,1020,59.0,7,530
2020-04-03,100.0,981,26.0,4,503
2020-04-04,86.0,908,60.0,3,471
2020-04-05,120.0,1008,35.0,5,556
2020-04-06,96.0,998,75.0,3,487
2020-04-07,98.0,1038,54.0,6,497
2020-04-08,123.0,1038,52.0,8,516
2020-04-09,106.0,1105,44.0,2,491
2020-04-10,102.0,1015,53.0,7,493
2020-04-11,83.0,1044,45.0,12,507
2020-04-12,115.0,955,57.0,6,489
2020-04-13,86.0,982,48.0,4,474
2020-04-14,85.0,1065,49.0,6,498
2020-04-15,110.0,968,50.0,7,479
2020-04-16,95.0,957,27.0,4,509
2020-04-17,100.0,1084,49.0,5,498
2020-04-18,92.0,956,54.0,4,503
2020-04-19,108.0,1045,49.0,5,517
2020-04-20,88.0,1042,53.0,9,493
2020-04-21,92.0,1020,53.0,9,505
2020-04-22,111.0,965,46.0,8,556
2020-04-23,92.0,1163,44.0,7,542
2020-04-24,116.0,942,54.0,5,518
2020-04-25,92.0,923,60.0,5,457
2020-04-26,95.0,951,40.0,6,452
2020-04-27,72.0,1089,39.0,2,517
2020-04-28,85.0,903,55.0,9,523
2020-04-29,113.0,942,56.0,7,469
2020-04-30,87.0,940,57.0,6,495
2020-05-01,111.0,985,55.0,5,502
2020-05-02,110.0,974,44.0,5,528
2020-05-03,83.0,924,40.0,4,470
2020-05-04,107.0,1006,53.0,0,491
2020-05-05,102.0,1016,54.0,6,512
2020-05-06,120.0,934,69.0,5,496
2020-05-07,112.0,909,51.0,3,478
2020-05-08,94.0,1001,51.0,8,499
2020-05-09,86.0,902,62.0,6,496
2020-05-10,89.0,1069,53.0,8,497
2020-05-11,111.0,1049,63.0,6,509
2020-05-12,133.0,990,31.0,4,546
2020-05-13,123.0,1059,42.0,1,510
2020-05-14,94.0,982,34.0,3,496
2020-05-15,94.0,1122,49.0,5,532
2020-05-16,96.0,1013,71.0,11,524
2020-05-17,95.0,1085,51.0,4,488
2020-05-18,108.0,873,52.0,4,488
2020-05-19,117.0,1012,59.0,3,533
2020-05-20,88.0,1103,55.0,7,440
2020-05-21,117.0,957,37.0,6,475
2020-05-22,108.0,981,61.0,4,482
2020-05-23,81.0,978,47.0,2,491
2020-05-24,77.0,979,46.0,2,475
2020-05-25,77.0,1093,51.0,7,495
2020-05-26,107.0,1027,44.0,4,486
2020-05-27,83.0,901,38.0,3,490
2020-05-28,141.0,1004,42.0,4,523
2020-05-29,88.0,972,42.0,6,492
2020-05-30,75.0,1027,47.0,2,479
2020-05-31,87.0,933,44.0,6,531
2020-06-01,88.0,1093,51.0,1,511
2020-06-02,,1057,51.0,4,510
2020-06-03,70.0,1101,48.0,7,463
2020-06-04,102.0,1004,47.0,8,499
2020-06-05,69.0,1077,48.0,5,501
2020-06-06,124.0,939,45.0,2,519
2020-06-07,78.0,932,63.0,5,529
2020-06-08,107.0,907,44.0,3,503
2020-06-09,125.0,1028,41.0,4,511
2020-06-10,113.0,934,60.0,6,493
2020-06-11,111.0,1101,47.0,7,493
2020-06-12,76.0,917,55.0,3,497
2020-06-13,120.0,1033,53.0,1,474
2020-06-14,100.0,969,58.0,4,496
2020-06-15,93.0,952,46.0,10,497
2020-06-16,106.0,889,30.0,5,495
2020-06-17,125.0,1061,58.0,5,494
2020-06-18,83.0,950,47.0,4,527
2020-06-19,82.0,933,40.0,1,510
2020-06-20,85.0,1003,50.0,4,505
2020-06-21,89.0,1013,47.0,4,503
2020-06-22,96.0,1011,42.0,5,515
2020-06-23,79.0,1064,51.0,6,506
2020-06-24,,1071,51.0,7,508
2020-06-25,81.0,983,34.0,3,472
2020-06-26,74.0,891,66.0,3,462
2020-06-27,78.0,1055,51.0,2,504
2020-06-28,86.0,910,65.0,5,457
2020-06-29,100.0,1124,47.0,6,530
2020-06-30,81.0,971,52.0,5,524
2020-07-01,127.0,1044,61.0,6,491
2020-07-02,123.0,997,38.0,5,504
2020-07-03,97.0,941,58.0,4,516
2020-07-04,88.0,1071,51.0,4,504
2020-07-05,122.0,1039,50.0,5,523
2020-07-06,98.0,1071,35.0,11,518
2020-07-07,107.0,955,45.0,7,481
2020-07-08,105.0,989,46.0,3,502
2020-07-09,98.0,894,36.0,7,489
2020-07-10,79.0,1100,50.0,5,529
2020-07-11,89.0,1047,66.0,3,512
2020-07-12,104.0,1001,46.0,2,519
2020-07-13,98.0,883,,6,503
2020-07-14,97.0,1032,53.0,8,480
2020-07-15,84.0,933,49.0,8,472
2020-07-16,124.0,916,62.0,8,493
2020-07-17,119.0,978,44.0,3,521
2020-07-18,97.0,915,38.0,6,505
2020-07-19,106.0,1051,50.0,3,464
2020-07-20,101.0,1068,46.0,0,514
2020-07-21,117.0,933,50.0,3,451
2020-07-22,,956,53.0,11,495
2020-07-23,91.0,902,41.0,7,475
2020-07-24,112.0,955,52.0,6,495
2020-07-25,73.0,1111,41.0,5,502
2020-07-26,107.0,985,42.0,4,509
2020-07-27,93.0,908,57.0,6,508
2020-07-28,90.0,913,59.0,1,519
2020-07-29,78.0,967,38.0,5,509
2020-07-30,104.0,1123,39.0,3,483
2020-07-31,,972,55.0,8,482
2020-08-01,117.0,1121,40.0,4,506
2020-08-02,118.0,1025,47.0,7,501
2020-08-03,98.0,990,51.0,2,496
2020-08-04,114.0,1077,46.0,8,473
2020-08-05,87.0,986,55.0,5,481
2020-08-06,95.0,915,47.0,2,501
2020-08-07,117.0,862,60.0,3,536
2020-08-08,100.0,987,53.0,4,492
2020-08-09,95.0,952,56.0,7,473
2020-08-10,59.0,996,30.0,5,499
2020-08-11,90.0,1122,55.0,3,489
2020-08-12,102.0,941,44.0,4,495
2020-08-13,105.0,986,42.0,9,508
2020-08-14,95.0,912,56.0,0,515
2020-08-15,78.0,944,45.0,5,530
2020-08-16,125.0,1056,41.0,3,551
2020-08-17,108.0,1018,35.0,4,477
2020-08-18,106.0,971,53.0,3,487
2020-08-19,87.0,1035,44.0,2,489
2020-08-20,113.0,1049,44.0,7,530
2020-08-21,89.0,1031,42.0,1,523
2020-08-22,102.0,1004,34.0,4,480
2020-08-23,103.0,983,56.0,4,528
2020-08-24,77.0,1096,56.0,3,498
2020-08-25,65.0,906,33.0,9,520
2020-08-26,93.0,988,56.0,5,471
2020-08-27,120.0,1075,46.0,3,484
2020-08-28,104.0,1072,62.0,5,506
2020-08-29,79.0,1031,50.0,2,522
2020-08-30,87.0,896,50.0,6,489
2020-08-31,91.0,1071,54.0,1,522
2020-09-01,81.0,929,60.0,3,492
2020-09-02,116.0,986,58.0,2,490
2020-09-03,122.0,914,64.0,1,520
2020-09-04,128.0,1081,62.0,4,499
2020-09-05,101.0,1010,51.0,5,539
2020-09-06,116.0,993,54.0,2,487
2020-09-07,87.0,988,45.0,3,480
2020-09-08,88.0,1009,51.0,7,480
2020-09-09,111.0,1098,57.0,6,516
2020-09-10,83.0,939,56.0,5,512
2020-09-11,105.0,1056,50.0,3,499
2020-09-12,109.0,982,29.0,7,521
2020-09-13,76.0,1097,46.0,7,491
2020-09-14,,1086,56.0,7,455
2020-09-15,120.0,926,50.0,2,474
2020-09-16,96.0,931,64.0,6,481
2020-09-17,88.0,966,53.0,7,484
2020-09-18,77.0,883,47.0,3,502
2020-09-19,88.0,1001,47.0,4,489
2020-09-20,81.0,1051,60.0,6,495
2020-09-21,104.0,1083,45.0,5,514
2020-09-22,95.0,933,55.0,5,493
2020-09-23,112.0,1005,47.0,5,515
2020-09-24,108.0,951,48.0,6,502
2020-09-25,130.0,908,44.0,2,492
2020-09-26,92.0,882,54.0,3,509
2020-09-27,126.0,1003,48.0,3,493
2020-09-28,92.0,982,38.0,3,476
2020-09-29,94.0,945,50.0,4,510
2020-09-30,84.0,1032,50.0,7,502
2020-10-01,89.0,898,37.0,6,534
2020-10-02,91.0,963,62.0,8,493
2020-10-03,,847,59.0,1,509
2020-10-04,97.0,1022,48.0,5,472
2020-10-05,84.0,1020,68.0,4,517
2020-10-06,89.0,999,57.0,3,508
2020-10-07,117.0,907,49.0,2,485
2020-10-08,76.0,980,59.0,7,526
2020-10-09,89.0,940,37.0,0,457
2020-10-10,90.0,1085,51.0,3,524
2020-10-11,108.0,923,36.0,9,530
2020-10-12,101.0,1023,50.0,5,456
2020-10-13,88.0,937,48.0,4,513
2020-10-14,92.0,958,48.0,7,523
2020-10-15,103.0,1011,53.0,3,481
2020-10-16,89.0,1046,61.0,6,481
2020-10-17,,1066,56.0,1,484
2020-10-18,80.0,928,52.0,4,479
2020-10-19,90.0,1032,61.0,5,494
2020-10-20,90.0,1002,45.0,10,554
2020-10-21,104.0,1007,55.0,4,552
2020-10-22,119.0,937,44.0,3,532
2020-10-23,81.0,1040,46.0,6,491
2020-10-24,103.0,905,60.0,8,491
2020-10-25,,996,40.0,6,529
2020-10-26,105.0,967,41.0,2,509
2020-10-27,92.0,996,41.0,11,496
2020-10-28,95.0,975,36.0,9,477
2020-10-29,98.0,1003,61.0,6,500
2020-10-30,112.0,961,57.0,1,547
2020-10-31,100.0,869,68.0,8,505
2020-11-01,80.0,968,41.0,5,489
2020-11-02,,941,55.0,3,552
2020-11-03,107.0,987,52.0,4,493
2020-11-04,119.0,1010,44.0,3,538
2020-11-05,,1026,62.0,7,509
2020-11-06,107.0,948,41.0,6,463
2020-11-07,103.0,1012,53.0,4,462
2020-11-08,131.0,937,62.0,6,502
2020-11-09,81.0,1099,61.0,7,485
2020-11-10,127.0,909,57.0,6,515
2020-11-11,105.0,1033,45.0,5,485
2020-11-12,78.0,1080,61.0,4,492
2020-11-13,109.0,998,43.0,6,461
2020-11-14,102.0,975,47.0,5,479
2020-11-15,96.0,965,51.0,5,530
2020-11-16,87.0,1083,48.0,9,508
2020-11-17,127.0,1021,55.0,9,527
2020-11-18,108.0,992,43.0,7,491
2020-11-19,74.0,923,55.0,8,514
2020-11-20,107.0,894,50.0,5,509
2020-11-21,115.0,959,49.0,3,482
2020-11-22,111.0,1017,45.0,6,489
2020-11-23,102.0,918,39.0,4,461
2020-11-24,126.0,961,42.0,7,499
2020-11-25,110.0,963,41.0,4,501
2020-11-26,114.0,1041,56.0,7,513
2020-11-27,117.0,1055,65.0,5,457
2020-11-28,116.0,976,43.0,5,521
2020-11-29,112.0,1031,48.0,4,528
2020-11-30,66.0,971,53.0,5,513
2020-12-01,77.0,905,47.0,4,484
2020-12-02,84.0,997,58.0,7,527
2020-12-03,92.0,987,43.0,5,475
2020-12-04,83.0,1062,55.0,8,466
2020-12-05,64.0,1113,48.0,4,494
2020-12-06,94.0,992,40.0,2,502
2020-12-07,123.0,963,50.0,7,494
2020-12-08,86.0,941,49.0,1,510
2020-12-09,81.0,1102,49.0,7,518
2020-12-10,131.0,1021,33.0,6,477
2020-12-11,112.0,936,45.0,8,506
2020-12-12,96.0,888,40.0,1,520
2020-12-13,76.0,1014,47.0,2,505
2020-12-14,123.0,1005,52.0,10,506
2020-12-15,139.0,1046,58.0,3,454
2020-12-16,94.0,900,45.0,6,515
2020-12-17,107.0,1077,31.0,3,446
2020-12-18,109.0,1003,55.0,5,494
2020-12-19,123.0,952,46.0,6,495
2020-12-20,83.0,959,55.0,6,487
2020-12-21,79.0,1094,48.0,8,491
2020-12-22,98.0,1060,42.0,5,482
2020-12-23,96.0,933,48.0,7,526
2020-12-24,112.0,893,44.0,5,537
2020-12-25,86.0,1012,56.0,8,503
2020-12-26,97.0,1014,54.0,3,503
2020-12-27,117.0,1018,44.0,6,478
2020-12-28,98.0,937,53.0,5,518
2020-12-29,80.0,959,,5,514
2020-12-30,,991,43.0,4,498
2020-12-31,96.0,922,34.0,6,488
2021-01-01,85.0,976,53.0,1,529
2021-01-02,,966,56.0,4,509
2021-01-03,94.0,977,39.0,5,535
2021-01-04,98.0,1015,50.0,4,476
2021-01-05,77.0,1026,34.0,11,527
2021-01-06,,957,65.0,7,519
2021-01-07,100.0,945,53.0,3,480
2021-01-08,116.0,1100,35.0,4,488
2021-01-09,112.0,939,51.0,2,473
2021-01-10,110.0,1017,48.0,3,520
2021-01-11,110.0,882,43.0,4,503
2021-01-12,91.0,1060,50.0,5,538
2021-01-13,102.0,1087,65.0,2,482
2021-01-14,84.0,1067,40.0,7,480
2021-01-15,93.0,939,49.0,4,473
2021-01-16,121.0,1035,59.0,2,488
2021-01-17,136.0,945,,3,504
2021-01-18,91.0,866,46.0,5,511
2021-01-19,95.0,1044,42.0,3,498
2021-01-20,88.0,1071,59.0,7,532
2021-01-21,100.0,913,34.0,5,503
2021-01-22,78.0,954,,4,491
2021-01-23,103.0,859,51.0,3,521
2021-01-24,,946,42.0,4,455
2021-01-25,91.0,1039,57.0,7,492
2021-01-26,103.0,1005,44.0,4,507
2021-01-27,115.0,1100,55.0,5,525
2021-01-28,86.0,1108,52.0,4,452
2021-01-29,115.0,1011,35.0,11,473
2021-01-30,102.0,1046,50.0,6,455
2021-01-31,87.0,1071,38.0,5,485
2021-02-01,99.0,1027,58.0,6,455
2021-02-02,118.0,977,36.0,4,521
2021-02-03,112.0,1053,49.0,6,542
2021-02-04,100.0,1069,55.0,9,488
2021-02-05,118.0,913,53.0,4,509
2021-02-06,105.0,826,53.0,4,505
2021-02-07,96.0,1007,47.0,4,529
2021-02-08,88.0,927,70.0,3,467
2021-02-09,78.0,994,55.0,5,507
2021-02-10,104.0,1029,38.0,7,479
2021-02-11,110.0,1051,55.0,5,486
2021-02-12,102.0,995,51.0,6,471
2021-02-13,,1087,30.0,6,451
2021-02-14,111.0,1014,43.0,4,461
2021-02-15,79.0,892,42.0,3,458
2021-02-16,108.0,1047,45.0,5,543
2021-02-17,118.0,1021,29.0,1,515
2021-02-18,103.0,939,37.0,3,482
2021-02-19,71.0,1027,47.0,2,487
2021-02-20,75.0,957,53.0,5,469
2021-02-21,,926,36.0,6,533
2021-02-22,104.0,1004,42.0,5,494
2021-02-23,96.0,955,65.0,3,486
2021-02-24,116.0,938,56.0,4,545
2021-02-25,111.0,979,51.0,6,508
2021-02-26,105.0,1048,53.0,5,478
2021-02-27,116.0,1068,62.0,3,517
2021-02-28,117.0,1061,58.0,11,534
2021-03-01,79.0,1071,68.0,2,539
2021-03-02,103.0,932,39.0,9,470
2021-03-03,83.0,975,30.0,6,474
2021-03-04,92.0,1083,53.0,4,482
2021-03-05,135.0,999,54.0,5,490
2021-03-06,78.0,1047,45.0,2,481
2021-03-07,116.0,902,59.0,3,494
2021-03-08,91.0,1118,51.0,5,525
2021-03-09,80.0,970,50.0,3,522
2021-03-10,85.0,907,41.0,10,439
2021-03-11,119.0,983,,7,489
2021-03-12,99.0,1111,45.0,6,495
2021-03-13,103.0,911,57.0,4,470
2021-03-14,79.0,1072,58.0,3,484
2021-03-15,128.0,929,48.0,1,526
2021-03-16,77.0,1032,34.0,2,526
2021-03-17,79.0,940,80.0,4,508
2021-03-18,86.0,1032,54.0,6,469
2021-03-19,112.0,1065,62.0,1,507
2021-03-20,97.0,1061,51.0,5,486
2021-03-21,98.0,1073,41.0,3,520
2021-03-22,114.0,1094,52.0,5,564
2021-03-23,84.0,1051,29.0,7,490
2021-03-24,92.0,1076,58.0,6,446
2021-03-25,98.0,1003,45.0,4,515
2021-03-26,77.0,931,52.0,6,510
2021-03-27,85.0,1008,40.0,8,523
2021-03-28,106.0,859,62.0,6,494
2021-03-29,100.0,1005,46.0,2,523
2021-03-30,92.0,942,70.0,5,523
2021-03-31,72.0,967,51.0,5,488
2021-04-01,121.0,983,54.0,3,506
2021-04-02,81.0,972,44.0,4,487
2021-04-03,99.0,1127,61.0,5,489
2021-04-04,85.0,1050,47.0,4,512
2021-04-05,87.0,989,,7,492
2021-04-06,100.0,986,57.0,4,506
2021-04-07,82.0,1036,46.0,1,508
2021-04-08,110.0,997,39.0,8,487
2021-04-09,102.0,855,58.0,3,455
2021-04-10,110.0,926,39.0,4,514
2021-04-11,114.0,1038,53.0,8,553
2021-04-12,101.0,881,58.0,9,534
2021-04-13,78.0,987,52.0,4,454
2021-04-14,86.0,1040,48.0,7,521
2021-04-15,100.0,953,42.0,12,525
2021-04-16,119.0,1016,41.0,12,498
2021-04-17,105.0,998,43.0,1,511
2021-04-18,73.0,1030,70.0,4,491
2021-04-19,110.0,892,54.0,8,524
2021-04-20,72.0,981,49.0,4,524
2021-04-21,101.0,1141,43.0,6,472
2021-04-22,103.0,1042,43.0,4,490
2021-04-23,120.0,948,50.0,3,459
2021-04-24,94.0,919,43.0,2,506
2021-04-25,95.0,883,70.0,4,471
2021-04-26,123.0,1060,48.0,6,499
2021-04-27,99.0,1140,35.0,3,509
2021-04-28,76.0,1106,60.0,7,519
2021-04-29,109.0,912,53.0,3,499
2021-04-30,74.0,1061,33.0,5,489
2021-05-01,112.0,960,59.0,5,504
2021-05-02,84.0,1091,52.0,8,510
2021-05-03,121.0,939,,4,517
2021-05-04,91.0,986,69.0,9,480
2021-05-05,104.0,1011,50.0,12,487
2021-05-06,90.0,945,42.0,5,496
2021-05-07,85.0,1007,65.0,4,515
2021-05-08,115.0,976,53.0,4,491
2021-05-09,105.0,955,52.0,4,540
2021-05-10,105.0,924,51.0,6,515
2021-05-11,94.0,951,40.0,6,510
2021-05-12,75.0,892,72.0,4,493
2021-05-13,86.0,937,44.0,4,486
2021-05-14,115.0,952,43.0,1,467
2021-05-15,88.0,1041,49.0,2,506
2021-05-16,103.0,1005,45.0,6,499
2021-05-17,82.0,1092,56.0,2,488
2021-05-18,117.0,1091,71.0,6,482
2021-05-19,119.0,873,42.0,8,450
2021-05-20,93.0,939,55.0,2,493
2021-05-21,107.0,1060,49.0,3,471
2021-05-22,79.0,1069,45.0,8,512
2021-05-23,106.0,995,29.0,3,506
2021-05-24,105.0,1007,56.0,7,554
2021-05-25,72.0,1027,58.0,6,537
2021-05-26,103.0,1111,56.0,6,473
2021-05-27,99.0,899,52.0,6,475
2021-05-28,66.0,1101,24.0,3,506
2021-05-29,88.0,968,41.0,7,524
2021-05-30,115.0,1043,37.0,5,506
2021-05-31,97.0,982,44.0,7,488
2021-06-01,82.0,979,55.0,6,462
2021-06-02,119.0,959,38.0,6,466
2021-06-03,112.0,1000,52.0,3,497
2021-06-04,98.0,899,54.0,10,496
2021-06-05,109.0,1038,51.0,4,469
2021-06-06,94.0,1059,51.0,8,520
2021-06-07,88.0,958,49.0,3,475
2021-06-08,111.0,1064,56.0,6,464
2021-06-09,85.0,899,45.0,7,488
2021-06-10,96.0,1127,44.0,9,520
2021-06-11,107.0,1100,55.0,5,511
2021-06-12,79.0,903,50.0,8,517
2021-06-13,114.0,963,51.0,3,489
2021-06-14,99.0,1049,59.0,3,479
2021-06-15,67.0,1055,50.0,8,462
2021-06-16,95.0,1056,66.0,5,471
2021-06-17,97.0,983,55.0,6,482
2021-06-18,94.0,882,59.0,3,521
2021-06-19,,924,,5,502
2021-06-20,69.0,889,60.0,4,505
2021-06-21,91.0,995,31.0,7,483
2021-06-22,68.0,956,60.0,8,486
2021-06-23,114.0,1070,29.0,7,480
2021-06-24,103.0,936,43.0,9,513
2021-06-25,137.0,1080,45.0,6,473
2021-06-26,110.0,908,60.0,1,512
2021-06-27,114.0,929,45.0,3,513
2021-06-28,113.0,872,42.0,6,519
2021-06-29,89.0,924,38.0,5,511
2021-06-30,76.0,1114,42.0,6,507
2021-07-01,93.0,900,47.0,6,485
2021-07-02,93.0,1002,47.0,4,520
2021-07-03,103.0,1097,51.0,3,505
2021-07-04,108.0,971,67.0,1,460
2021-07-05,74.0,1070,62.0,4,543
2021-07-06,100.0,934,57.0,4,511
2021-07-07,95.0,1022,26.0,2,493
2021-07-08,138.0,974,41.0,2,502
2021-07-09,103.0,1039,54.0,3,501
2021-07-10,113.0,941,41.0,9,492
2021-07-11,76.0,1080,55.0,5,453
2021-07-12,80.0,948,62.0,1,487
2021-07-13,75.0,920,59.0,5,484
2021-07-14,102.0,931,45.0,2,484
2021-07-15,93.0,1061,45.0,5,524
2021-07-16,78.0,943,55.0,5,523
2021-07-17,110.0,1068,50.0,5,496
2021-07-18,85.0,963,65.0,3,491
2021-07-19,124.0,1007,50.0,5,532
2021-07-20,110.0,1116,54.0,11,500
2021-07-21,101.0,983,48.0,2,489
2021-07-22,121.0,994,40.0,6,525
2021-07-23,80.0,941,55.0,3,495
2021-07-24,80.0,1087,63.0,4,506
2021-07-25,96.0,1062,53.0,8,495
2021-07-26,115.0,1083,57.0,1,495
2021-07-27,88.0,938,45.0,3,487
2021-07-28,85.0,1015,65.0,2,477
2021-07-29,98.0,994,40.0,5,468
2021-07-30,87.0,990,43.0,6,522
2021-07-31,85.0,974,55.0,7,483
2021-08-01,75.0,969,,4,506
2021-08-02,112.0,1131,56.0,5,508
2021-08-03,91.0,953,61.0,4,478
2021-08-04,108.0,954,39.0,5,492
2021-08-05,86.0,977,57.0,9,480
2021-08-06,94.0,955,54.0,5,506
2021-08-07,103.0,916,44.0,6,509
2021-08-08,104.0,979,48.0,5,476
2021-08-09,98.0,1112,42.0,2,511
2021-08-10,108.0,876,43.0,4,520
2021-08-11,,1044,57.0,6,486
2021-08-12,99.0,1010,54.0,2,491
2021-08-13,110.0,1006,57.0,3,496
2021-08-14,,1003,59.0,5,441
2021-08-15,95.0,1016,29.0,7,476
2021-08-16,121.0,1013,62.0,5,518
2021-08-17,105.0,930,55.0,4,485
2021-08-18,104.0,1074,31.0,7,518
2021-08-19,88.0,997,56.0,4,502
2021-08-20,108.0,1025,40.0,6,477
2021-08-21,99.0,998,53.0,4,502
2021-08-22,89.0,1070,57.0,5,496
2021-08-23,89.0,975,57.0,5,521
2021-08-24,90.0,1008,57.0,5,486
2021-08-25,77.0,1053,,6,466
2021-08-26,107.0,927,50.0,9,469
2021-08-27,124.0,944,45.0,5,508
2021-08-28,126.0,1073,45.0,6,490
2021-08-29,59.0,1004,41.0,4,520
2021-08-30,97.0,986,62.0,5,469
2021-08-31,107.0,938,49.0,3,544
2021-09-01,102.0,939,60.0,4,464
2021-09-02,104.0,1021,24.0,1,517
2021-09-03,91.0,1034,38.0,6,494
2021-09-04,70.0,926,56.0,4,546
2021-09-05,91.0,1075,42.0,6,480
2021-09-06,99.0,1111,38.0,4,436
2021-09-07,115.0,1048,61.0,6,500
2021-09-08,78.0,967,46.0,2,522
2021-09-09,76.0,904,54.0,4,473
2021-09-10,,841,32.0,8,504
2021-09-11,106.0,1003,66.0,4,509
2021-09-12,110.0,1088,45.0,5,466
2021-09-13,104.0,970,47.0,6,488
2021-09-14,113.0,1059,47.0,3,531
2021-09-15,103.0,983,44.0,8,492
2021-09-16,101.0,955,48.0,4,513
2021-09-17,99.0,1002,33.0,7,504
2021-09-18,103.0,1051,54.0,3,506
2021-09-19,120.0,999,61.0,8,517
2021-09-20,88.0,859,57.0,2,494
2021-09-21,91.0,1048,44.0,5,465
2021-09-22,69.0,1094,56.0,7,483
2021-09-23,80.0,967,48.0,3,505
2021-09-24,114.0,1084,33.0,5,505
2021-09-25,84.0,956,36.0,4,502
2021-09-26,88.0,1035,51.0,6,510
2021-09-27,,939,51.0,3,502
2021-09-28,121.0,1110,49.0,5,458
2021-09-29,97.0,1047,38.0,4,482
2021-09-30,112.0,1020,61.0,5,518
2021-10-01,106.0,923,58.0,6,456
2021-10-02,94.0,1139,52.0,4,459
2021-10-03,98.0,969,41.0,4,511
2021-10-04,74.0,939,63.0,2,521
2021-10-05,96.0,1040,61.0,3,485
2021-10-06,89.0,1094,56.0,5,500
2021-10-07,,991,48.0,7,464
2021-10-08,119.0,991,33.0,6,495
2021-10-09,71.0,1083,56.0,7,530
2021-10-10,86.0,1123,52.0,5,505
2021-10-11,103.0,908,50.0,1,476
2021-10-12,115.0,980,52.0,3,519
2021-10-13,90.0,966,51.0,4,498
2021-10-14,93.0,983,,4,458
2021-10-15,65.0,1107,42.0,8,531
2021-10-16,103.0,1072,36.0,5,504
2021-10-17,132.0,1120,43.0,6,488
2021-10-18,88.0,1007,45.0,1,493
2021-10-19,111.0,898,46.0,7,527
2021-10-20,102.0,1118,42.0,7,522
2021-10-21,115.0,1006,36.0,3,496
2021-10-22,130.0,1018,49.0,6,512
2021-10-23,72.0,891,47.0,4,513
2021-10-24,107.0,1060,38.0,1,493
2021-10-25,88.0,1056,45.0,4,491
2021-10-26,88.0,987,64.0,6,502
2021-10-27,76.0,1052,41.0,7,513
2021-10-28,84.0,1028,53.0,8,530
2021-10-29,87.0,945,50.0,8,482
2021-10-30,85.0,1039,55.0,3,513
2021-10-31,93.0,930,44.0,3,533
2021-11-01,98.0,1033,54.0,10,518
2021-11-02,90.0,945,36.0,14,515
2021-11-03,112.0,1022,63.0,3,515
2021-11-04,99.0,1016,50.0,4,558
2021-11-05,113.0,1153,45.0,5,479
2021-11-06,114.0,942,51.0,7,504
2021-11-07,104.0,987,44.0,3,535
2021-11-08,88.0,1037,54.0,7,501
2021-11-09,89.0,1003,46.0,3,510
2021-11-10,106.0,880,53.0,5,529
2021-11-11,109.0,891,39.0,8,469
2021-11-12,115.0,897,41.0,7,531
2021-11-13,96.0,1047,50.0,5,477
2021-11-14,89.0,892,51.0,6,513
2021-11-15,87.0,1088,53.0,6,529
2021-11-16,104.0,1002,65.0,6,525
2021-11-17,88.0,938,44.0,6,527
2021-11-18,119.0,953,52.0,4,492
2021-11-19,92.0,888,62.0,7,498
2021-11-20,119.0,998,51.0,6,500
2021-11-21,91.0,1021,40.0,7,558
2021-11-22,112.0,1053,43.0,3,474
2021-11-23,97.0,1045,66.0,8,489
2021-11-24,124.0,1039,40.0,6,486
2021-11-25,116.0,933,45.0,2,475
2021-11-26,96.0,947,61.0,10,524
2021-11-27,91.0,945,,5,525
2021-11-28,101.0,1062,47.0,11,491
2021-11-29,117.0,896,41.0,4,471
2021-11-30,88.0,1076,49.0,5,495
2021-12-01,98.0,1023,56.0,4,521
2021-12-02,119.0,965,39.0,1,497
2021-12-03,85.0,1008,40.0,3,492
2021-12-04,80.0,1048,59.0,5,531
2021-12-05,82.0,1009,59.0,4,497
2021-12-06,,911,31.0,8,511
2021-12-07,105.0,965,41.0,3,490
2021-12-08,93.0,992,56.0,4,493
2021-12-09,112.0,993,29.0,4,544
2021-12-10,112.0,916,53.0,2,538
2021-12-11,111.0,944,53.0,8,511
2021-12-12,,1046,63.0,6,491
2021-12-13,126.0,1077,55.0,3,473
2021-12-14,86.0,1089,40.0,3,473
2021-12-15,77.0,1090,59.0,7,463
2021-12-16,129.0,966,59.0,6,465
2021-12-17,102.0,945,45.0,3,508
2021-12-18,85.0,870,47.0,3,469
2021-12-19,144.0,963,54.0,5,518
2021-12-20,98.0,1055,58.0,6,516
2021-12-21,103.0,862,58.0,2,481
2021-12-22,131.0,927,49.0,5,508
2021-12-23,87.0,1034,42.0,3,521
2021-12-24,99.0,1009,58.0,6,489
2021-12-25,95.0,998,50.0,4,509
2021-12-26,87.0,1013,50.0,2,494
2021-12-27,101.0,1005,45.0,6,499
2021-12-28,86.0,1055,37.0,2,555
2021-12-29,,948,50.0,1,506
2021-12-30,112.0,985,53.0,5,490
2021-12-31,79.0,929,49.0,3,532
2022-01-01,114.0,963,57.0,5,475
2022-01-02,94.0,1109,43.0,5,528
2022-01-03,89.0,1031,63.0,6,499
2022-01-04,110.0,1129,39.0,2,492
2022-01-05,105.0,992,57.0,8,505
2022-01-06,108.0,1170,56.0,5,429
2022-01-07,107.0,933,60.0,4,513
2022-01-08,108.0,988,42.0,10,483
2022-01-09,96.0,858,68.0,12,482
2022-01-10,92.0,1023,37.0,5,494
2022-01-11,84.0,1048,48.0,7,497
2022-01-12,,1042,44.0,7,468
2022-01-13,66.0,883,37.0,3,487
2022-01-14,112.0,885,59.0,3,533
2022-01-15,78.0,992,49.0,5,498
2022-01-16,106.0,1079,46.0,3,511
2022-01-17,109.0,1100,56.0,2,527
2022-01-18,118.0,960,55.0,8,524
2022-01-19,81.0,1080,51.0,4,523
2022-01-20,117.0,1026,34.0,5,502
2022-01-21,106.0,1083,43.0,6,514
2022-01-22,76.0,1028,49.0,2,482
2022-01-23,95.0,965,49.0,4,486
2022-01-24,93.0,1035,51.0,4,554
2022-01-25,109.0,909,,10,522
2022-01-26,76.0,935,40.0,4,461
2022-01-27,88.0,1009,48.0,7,540
2022-01-28,84.0,1058,48.0,1,485
2022-01-29,100.0,1185,58.0,8,505
2022-01-30,88.0,998,56.0,3,483
2022-01-31,112.0,927,48.0,4,493
2022-02-01,90.0,1029,49.0,7,469
2022-02-02,119.0,925,55.0,4,517
2022-02-03,76.0,926,59.0,7,509
2022-02-04,87.0,952,55.0,5,490
2022-02-05,70.0,956,52.0,4,482
2022-02-06,107.0,1095,64.0,8,510
2022-02-07,90.0,905,43.0,7,489
2022-02-08,106.0,972,37.0,2,502
2022-02-09,85.0,961,55.0,4,471
2022-02-10,114.0,999,35.0,7,495
2022-02-11,99.0,983,32.0,6,509
2022-02-12,56.0,956,42.0,2,500
2022-02-13,78.0,1029,28.0,2,485
2022-02-14,115.0,918,44.0,6,523
2022-02-15,78.0,882,33.0,3,484
2022-02-16,86.0,1055,36.0,5,480
2022-02-17,97.0,1004,41.0,4,518
2022-02-18,84.0,901,58.0,1,506
2022-02-19,74.0,998,44.0,5,470
2022-02-20,119.0,1031,58.0,3,500
2022-02-21,94.0,1076,52.0,3,539
2022-02-22,122.0,1065,69.0,3,508
2022-02-23,94.0,1019,58.0,3,513
2022-02-24,96.0,893,50.0,4,462
2022-02-25,66.0,940,44.0,7,500
2022-02-26,101.0,954,57.0,3,519
2022-02-27,83.0,961,46.0,3,487
2022-02-28,109.0,1071,59.0,5,493
2022-03-01,104.0,1054,39.0,4,499
2022-03-02,92.0,963,58.0,1,529
2022-03-03,106.0,926,54.0,5,516
2022-03-04,99.0,1033,55.0,4,519
2022-03-05,127.0,1079,51.0,6,510
2022-03-06,104.0,936,62.0,5,509
2022-03-07,90.0,1118,40.0,3,526
2022-03-08,110.0,962,47.0,5,498
2022-03-09,96.0,1069,64.0,2,539
2022-03-10,107.0,935,47.0,5,508
2022-03-11,117.0,892,42.0,4,476
2022-03-12,83.0,1043,64.0,6,499
2022-03-13,74.0,979,49.0,5,507
2022-03-14,121.0,1000,57.0,8,456
2022-03-15,,960,58.0,2,492
2022-03-16,101.0,1073,58.0,3,483
2022-03-17,129.0,1095,64.0,2,482
2022-03-18,123.0,989,39.0,5,528
2022-03-19,94.0,979,52.0,3,527
2022-03-20,98.0,888,43.0,4,481
2022-03-21,92.0,982,60.0,3,513
2022-03-22,114.0,977,53.0,6,480
2022-03-23,123.0,920,53.0,6,495
2022-03-24,100.0,1065,66.0,4,459
2022-03-25,126.0,1005,43.0,7,499
2022-03-26,115.0,956,62.0,6,501
2022-03-27,106.0,971,43.0,6,559
2022-03-28,81.0,1021,58.0,6,470
2022-03-29,85.0,1069,59.0,4,511
2022-03-30,109.0,1074,,9,524
2022-03-31,107.0,907,37.0,6,480
2022-04-01,100.0,1006,50.0,9,489
2022-04-02,96.0,1046,52.0,4,486
2022-04-03,98.0,1015,53.0,6,467
2022-04-04,98.0,1037,49.0,1,478
2022-04-05,105.0,947,51.0,4,462
2022-04-06,90.0,1110,62.0,8,517
2022-04-07,91.0,1089,60.0,4,487
2022-04-08,111.0,1042,45.0,5,484
2022-04-09,82.0,1091,36.0,4,499
2022-04-10,105.0,905,36.0,8,496
2022-04-11,58.0,929,52.0,1,533
2022-04-12,105.0,958,64.0,8,557
2022-04-13,123.0,991,53.0,6,507
2022-04-14,,928,44.0,4,456
2022-04-15,97.0,981,54.0,2,499
2022-04-16,95.0,1074,53.0,8,488
2022-04-17,99.0,1100,48.0,4,497
2022-04-18,,990,54.0,6,485
2022-04-19,107.0,1070,41.0,5,492
2022-04-20,128.0,979,58.0,8,435
2022-04-21,115.0,902,68.0,5,502
2022-04-22,89.0,961,41.0,4,481
2022-04-23,115.0,993,60.0,10,478
2022-04-24,91.0,1014,35.0,5,515
2022-04-25,90.0,1032,50.0,5,459
2022-04-26,94.0,1108,56.0,2,523
2022-04-27,106.0,1113,57.0,1,495
2022-04-28,120.0,967,51.0,4,480
2022-04-29,103.0,936,38.0,4,525
2022-04-30,121.0,997,54.0,7,517
2022-05-01,106.0,991,43.0,7,499
2022-05-02,99.0,963,62.0,10,497
2022-05-03,131.0,1074,48.0,5,521
2022-05-04,122.0,986,67.0,4,491
2022-05-05,84.0,1007,50.0,9,485
2022-05-06,108.0,933,57.0,4,448
2022-05-07,124.0,928,43.0,4,511
2022-05-08,84.0,921,67.0,3,505
2022-05-09,94.0,946,59.0,2,474
2022-05-10,85.0,1136,48.0,7,490
2022-05-11,99.0,1066,60.0,4,534
2022-05-12,83.0,1001,50.0,6,455
2022-05-13,86.0,874,51.0,4,515
2022-05-14,109.0,1123,44.0,7,503
2022-05-15,126.0,1067,35.0,6,469
2022-05-16,,1046,37.0,7,484
2022-05-17,85.0,955,40.0,3,483
2022-05-18,74.0,1062,49.0,4,517
2022-05-19,85.0,1023,50.0,4,501
2022-05-20,107.0,1048,52.0,3,565
2022-05-21,73.0,1067,55.0,1,474
2022-05-22,67.0,1007,45.0,5,484
2022-05-23,111.0,1014,60.0,8,534
2022-05-24,89.0,1052,52.0,5,528
2022-05-25,,970,46.0,8,516
2022-05-26,55.0,939,47.0,11,518
2022-05-27,116.0,894,41.0,9,476
2022-05-28,78.0,1022,52.0,4,525
2022-05-29,97.0,921,47.0,2,525
2022-05-30,119.0,1000,38.0,2,530
2022-05-31,113.0,1068,44.0,6,455
2022-06-01,84.0,1102,65.0,7,486
2022-06-02,79.0,995,55.0,2,487
2022-06-03,105.0,1011,65.0,5,580
2022-06-04,94.0,1129,59.0,6,503
2022-06-05,,937,44.0,6,502
2022-06-06,93.0,917,39.0,9,497
2022-06-07,96.0,1112,54.0,4,452
2022-06-08,108.0,1096,51.0,4,504
2022-06-09,110.0,959,60.0,11,467
2022-06-10,81.0,941,60.0,4,520
2022-06-11,84.0,985,52.0,7,506
2022-06-12,101.0,1064,56.0,4,506
2022-06-13,102.0,1015,33.0,3,480
2022-06-14,102.0,1041,61.0,2,507
2022-06-15,88.0,960,50.0,3,502
2022-06-16,102.0,1024,52.0,8,534
2022-06-17,131.0,959,44.0,4,479
2022-06-18,130.0,980,40.0,5,459
2022-06-19,105.0,964,,5,532
2022-06-20,112.0,981,56.0,4,502
2022-06-21,84.0,951,49.0,7,516
2022-06-22,100.0,940,45.0,4,488
2022-06-23,95.0,988,61.0,1,503
2022-06-24,99.0,1004,51.0,6,533
2022-06-25,113.0,1080,47.0,6,477
2022-06-26,94.0,992,68.0,6,505
2022-06-27,93.0,1038,43.0,1,502
2022-06-28,112.0,1102,53.0,8,487
2022-06-29,96.0,1042,47.0,3,481
2022-06-30,111.0,990,61.0,7,488
2022-07-01,80.0,1091,32.0,5,508
2022-07-02,96.0,1029,45.0,4,494
2022-07-03,105.0,970,40.0,4,504
2022-07-04,99.0,955,40.0,7,490
2022-07-05,77.0,1112,46.0,6,477
2022-07-06,84.0,961,52.0,10,504
2022-07-07,115.0,879,44.0,4,476
2022-07-08,86.0,993,45.0,4,518
2022-07-09,111.0,879,,4,551
2022-07-10,83.0,991,,6,482
2022-07-11,117.0,954,52.0,5,521
2022-07-12,89.0,1026,57.0,4,448
2022-07-13,122.0,894,62.0,12,511
2022-07-14,126.0,928,44.0,4,491
2022-07-15,83.0,1023,52.0,6,480
2022-07-16,103.0,1059,36.0,4,519
2022-07-17,108.0,926,43.0,9,513
2022-07-18,101.0,1088,35.0,5,499
2022-07-19,98.0,916,41.0,2,508
2022-07-20,93.0,956,47.0,4,495
2022-07-21,92.0,944,45.0,1,503
2022-07-22,109.0,1047,51.0,2,478
2022-07-23,110.0,958,43.0,5,490
2022-07-24,87.0,1057,48.0,5,480
2022-07-25,99.0,1046,55.0,4,475
2022-07-26,84.0,952,44.0,5,504
2022-07-27,94.0,1095,43.0,5,520
2022-07-28,108.0,879,43.0,5,545
2022-07-29,83.0,966,42.0,7,484
2022-07-30,95.0,1026,44.0,6,537
2022-07-31,90.0,991,53.0,5,522
2022-08-01,106.0,1086,32.0,3,566
2022-08-02,80.0,1020,45.0,10,474
2022-08-03,83.0,1022,45.0,9,523
2022-08-04,118.0,1061,57.0,6,519
2022-08-05,103.0,935,46.0,3,492
2022-08-06,95.0,1053,41.0,8,490
2022-08-07,98.0,947,42.0,6,504
2022-08-08,108.0,1070,48.0,8,527
2022-08-09,115.0,1030,42.0,5,499
2022-08-10,129.0,1120,43.0,4,497
2022-08-11,90.0,1032,38.0,3,480
2022-08-12,113.0,906,,2,525
2022-08-13,,1019,50.0,2,492
2022-08-14,90.0,1071,80.0,7,516
2022-08-15,95.0,880,56.0,4,499
2022-08-16,93.0,950,38.0,5,505
2022-08-17,78.0,920,32.0,4,552
2022-08-18,94.0,1073,54.0,3,469
2022-08-19,99.0,1072,61.0,4,466
2022-08-20,91.0,1047,39.0,11,492
2022-08-21,105.0,994,63.0,6,479
2022-08-22,91.0,1063,52.0,8,501
2022-08-23,127.0,931,44.0,6,485
2022-08-24,101.0,889,61.0,4,513
2022-08-25,117.0,1063,47.0,4,504
2022-08-26,102.0,924,60.0,3,473
2022-08-27,99.0,1034,41.0,6,480
2022-08-28,109.0,1118,58.0,5,504
2022-08-29,95.0,1041,45.0,6,514
2022-08-30,104.0,1054,60.0,7,525
2022-08-31,102.0,1050,35.0,7,491
2022-09-01,123.0,965,55.0,2,496
2022-09-02,84.0,1015,62.0,7,551
2022-09-03,84.0,989,54.0,5,524
2022-09-04,87.0,1009,59.0,3,502
2022-09-05,87.0,1114,48.0,7,476
2022-09-06,87.0,983,60.0,3,492
2022-09-07,115.0,923,51.0,5,507
2022-09-08,78.0,1048,37.0,7,500
2022-09-09,89.0,901,51.0,4,519
2022-09-10,81.0,1004,45.0,7,512
2022-09-11,113.0,951,46.0,7,477
2022-09-12,100.0,1082,47.0,5,472
2022-09-13,111.0,1075,49.0,4,467
2022-09-14,82.0,1135,47.0,10,511
2022-09-15,123.0,1063,46.0,7,507
2022-09-16,85.0,1022,41.0,4,494
2022-09-17,90.0,1023,62.0,8,528
2022-09-18,88.0,961,59.0,7,463
2022-09-19,119.0,1072,37.0,4,502
2022-09-20,92.0,986,56.0,8,500
2022-09-21,99.0,1086,63.0,5,493
2022-09-22,99.0,933,63.0,9,494
2022-09-23,92.0,1057,47.0,6,470
2022-09-24,108.0,1116,48.0,7,484
2022-09-25,101.0,977,73.0,4,544
2022-09-26,80.0,1115,57.0,3,522
2022-09-27,80.0,988,50.0,3,504
2022-09-28,112.0,1029,54.0,6,490
2022-09-29,102.0,916,31.0,1,483
2022-09-30,86.0,1038,59.0,4,500
2022-10-01,96.0,1027,47.0,5,463
2022-10-02,86.0,1064,55.0,1,527
2022-10-03,75.0,1122,67.0,4,490
2022-10-04,91.0,1033,43.0,3,476
2022-10-05,85.0,920,48.0,4,521
2022-10-06,100.0,1002,49.0,6,519
2022-10-07,98.0,963,31.0,7,509
2022-10-08,105.0,1000,46.0,4,511
2022-10-09,87.0,939,44.0,5,551
2022-10-10,107.0,1047,53.0,7,494
2022-10-11,129.0,1072,,6,517
2022-10-12,95.0,985,39.0,3,527
2022-10-13,79.0,1130,42.0,6,524
2022-10-14,115.0,914,72.0,5,498
2022-10-15,103.0,955,60.0,4,467
2022-10-16,86.0,990,37.0,9,487
2022-10-17,98.0,1081,51.0,2,516
2022-10-18,79.0,931,54.0,6,488
2022-10-19,116.0,1070,53.0,5,489
2022-10-20,133.0,913,62.0,8,520
2022-10-21,114.0,1045,53.0,6,502
2022-10-22,103.0,972,41.0,5,531
2022-10-23,104.0,984,52.0,1,507
2022-10-24,89.0,1048,49.0,3,481
2022-10-25,93.0,1002,39.0,4,500
2022-10-26,115.0,941,45.0,2,530
2022-10-27,120.0,941,58.0,3,533
2022-10-28,103.0,990,46.0,5,497
2022-10-29,102.0,974,,5,510
2022-10-30,87.0,1086,37.0,2,518
2022-10-31,78.0,974,53.0,4,487
2022-11-01,124.0,981,49.0,6,464
2022-11-02,100.0,1136,50.0,4,498
2022-11-03,118.0,1056,48.0,7,521
2022-11-04,108.0,944,61.0,1,485
2022-11-05,94.0,913,51.0,2,498
2022-11-06,95.0,979,52.0,3,483
2022-11-07,117.0,1126,66.0,6,530
2022-11-08,102.0,1005,44.0,8,485
2022-11-09,116.0,1090,34.0,5,494
2022-11-10,106.0,1005,51.0,6,490
2022-11-11,96.0,1001,55.0,4,501
2022-11-12,85.0,943,47.0,5,479
2022-11-13,83.0,1059,49.0,8,507
2022-11-14,110.0,1110,63.0,8,536
2022-11-15,106.0,1132,56.0,2,510
2022-11-16,93.0,1006,61.0,6,524
2022-11-17,107.0,999,39.0,3,499
2022-11-18,103.0,885,53.0,4,484
2022-11-19,67.0,954,43.0,2,493
2022-11-20,87.0,1048,49.0,5,473
2022-11-21,108.0,1010,62.0,9,506
2022-11-22,116.0,1053,47.0,7,481
2022-11-23,115.0,1005,46.0,5,522
2022-11-24,110.0,998,34.0,7,516
2022-11-25,86.0,1097,49.0,4,470
2022-11-26,120.0,979,53.0,5,473
2022-11-27,117.0,1107,63.0,6,487
2022-11-28,90.0,967,43.0,4,481
2022-11-29,74.0,961,48.0,5,518
2022-11-30,107.0,931,55.0,2,497
2022-12-01,124.0,984,29.0,5,482
2022-12-02,68.0,992,49.0,3,492
2022-12-03,80.0,1060,41.0,4,551
2022-12-04,103.0,904,47.0,6,474
2022-12-05,104.0,924,50.0,5,533
2022-12-06,79.0,984,50.0,5,478
2022-12-07,121.0,1034,50.0,3,511
2022-12-08,127.0,981,44.0,5,500
2022-12-09,106.0,974,61.0,6,539
2022-12-10,78.0,1030,53.0,6,510
2022-12-11,76.0,1161,70.0,2,528
2022-12-12,83.0,914,55.0,2,494
2022-12-13,93.0,959,46.0,5,466
2022-12-14,101.0,1077,42.0,5,480
2022-12-15,90.0,1030,47.0,3,483
2022-12-16,99.0,984,43.0,6,495
2022-12-17,78.0,938,50.0,4,555
2022-12-18,115.0,984,53.0,1,479
2022-12-19,97.0,1030,46.0,6,480
2022-12-20,89.0,1050,45.0,5,518
2022-12-21,121.0,1036,31.0,4,495
2022-12-22,84.0,899,57.0,3,537
2022-12-23,91.0,1071,53.0,6,464
2022-12-24,90.0,894,42.0,6,521
2022-12-25,104.0,1093,42.0,6,553
2022-12-26,120.0,961,68.0,7,486
2022-12-27,109.0,1000,54.0,5,477
2022-12-28,80.0,919,30.0,6,462
2022-12-29,99.0,1060,66.0,3,508
2022-12-30,102.0,941,40.0,5,488
2022-12-31,96.0,988,57.0,7,511
2023-01-01,118.0,1059,55.0,8,477
2023-01-02,113.0,1085,54.0,6,516
2023-01-03,86.0,1060,36.0,4,500
2023-01-04,104.0,895,49.0,5,503
2023-01-05,115.0,1160,57.0,5,472
2023-01-06,122.0,977,69.0,8,449
2023-01-07,94.0,1002,53.0,5,479
2023-01-08,113.0,873,56.0,2,498
2023-01-09,108.0,855,46.0,2,510
2023-01-10,114.0,1116,45.0,4,478
2023-01-11,128.0,960,57.0,3,528
2023-01-12,75.0,1029,45.0,5,494
2023-01-13,117.0,1072,52.0,1,527
2023-01-14,89.0,972,40.0,6,480
2023-01-15,112.0,970,,9,544
2023-01-16,96.0,1037,38.0,7,515
2023-01-17,111.0,1070,45.0,4,525
2023-01-18,75.0,907,57.0,7,462
2023-01-19,98.0,907,35.0,6,506
2023-01-20,95.0,1062,44.0,4,465
2023-01-21,92.0,1050,58.0,1,478
2023-01-22,103.0,1080,46.0,4,534
2023-01-23,117.0,1126,40.0,5,550
2023-01-24,100.0,1081,46.0,0,507
2023-01-25,,1022,51.0,7,463
2023-01-26,131.0,1065,54.0,4,513
2023-01-27,93.0,884,59.0,6,479
2023-01-28,96.0,949,47.0,6,484
2023-01-29,117.0,1085,52.0,6,471
2023-01-30,129.0,961,49.0,1,527
2023-01-31,105.0,943,45.0,3,503
2023-02-01,89.0,1000,36.0,4,471
2023-02-02,80.0,1053,31.0,7,474
2023-02-03,99.0,926,35.0,6,486
2023-02-04,81.0,998,35.0,1,513
2023-02-05,112.0,933,57.0,11,484
2023-02-06,88.0,1062,70.0,4,502
2023-02-07,82.0,999,46.0,4,445
2023-02-08,111.0,940,57.0,5,503
2023-02-09,109.0,971,,2,495
2023-02-10,76.0,1029,45.0,7,491
2023-02-11,73.0,1012,49.0,6,518
2023-02-12,91.0,1094,39.0,5,429
2023-02-13,80.0,931,57.0,4,508
2023-02-14,99.0,1101,46.0,7,448
2023-02-15,123.0,1028,43.0,4,460
2023-02-16,125.0,855,46.0,5,522
2023-02-17,103.0,941,51.0,4,494
2023-02-18,,952,64.0,5,468
2023-02-19,97.0,1088,35.0,5,487
2023-02-20,102.0,1008,56.0,4,508
2023-02-21,,953,73.0,6,502
2023-02-22,86.0,1018,54.0,5,493
2023-02-23,105.0,925,51.0,6,542
2023-02-24,104.0,903,57.0,3,502
2023-02-25,107.0,919,38.0,5,508
2023-02-26,104.0,989,45.0,6,496
2023-02-27,103.0,945,45.0,6,477
2023-02-28,125.0,1072,48.0,8,472
2023-03-01,106.0,1062,,5,513
2023-03-02,125.0,1102,57.0,8,532
2023-03-03,79.0,942,49.0,6,475
2023-03-04,97.0,993,52.0,4,534
2023-03-05,68.0,903,45.0,5,510
2023-03-06,78.0,984,42.0,3,481
2023-03-07,76.0,1112,43.0,3,528
2023-03-08,98.0,990,60.0,6,518
2023-03-09,100.0,1096,61.0,5,512
2023-03-10,113.0,952,50.0,5,471
2023-03-11,91.0,1102,55.0,10,527
2023-03-12,89.0,898,52.0,5,497
2023-03-13,120.0,1125,43.0,3,520
2023-03-14,86.0,984,59.0,6,515
2023-03-15,85.0,900,42.0,6,494
2023-03-16,82.0,1080,58.0,4,513
2023-03-17,108.0,922,46.0,8,502
2023-03-18,103.0,902,66.0,8,500
2023-03-19,105.0,1054,48.0,6,439
2023-03-20,90.0,1086,34.0,3,500
2023-03-21,103.0,1014,44.0,6,476
2023-03-22,93.0,1027,57.0,5,474
2023-03-23,86.0,1002,51.0,7,502
2023-03-24,86.0,928,46.0,5,485
2023-03-25,74.0,1078,41.0,5,505
2023-03-26,121.0,1091,43.0,4,475
2023-03-27,73.0,980,47.0,4,491
2023-03-28,77.0,1027,48.0,3,458
2023-03-29,90.0,1000,50.0,8,461
2023-03-30,126.0,1059,53.0,4,514
2023-03-31,82.0,1056,47.0,6,524
2023-04-01,88.0,936,52.0,8,548
2023-04-02,79.0,941,28.0,3,477
2023-04-03,79.0,978,49.0,7,498
2023-04-04,106.0,984,46.0,8,490
2023-04-05,77.0,1077,55.0,7,522
2023-04-06,117.0,1012,45.0,4,514
2023-04-07,91.0,1030,49.0,3,501
2023-04-08,115.0,1039,43.0,2,469
2023-04-09,87.0,882,57.0,6,506
2023-04-10,113.0,991,50.0,5,541
2023-04-11,85.0,1061,42.0,4,471
2023-04-12,101.0,1144,46.0,6,490
2023-04-13,107.0,1029,47.0,7,508
2023-04-14,104.0,1119,48.0,3,516
2023-04-15,125.0,996,52.0,6,459
2023-04-16,76.0,987,61.0,4,517
2023-04-17,103.0,973,45.0,5,492
2023-04-18,91.0,947,60.0,2,493
2023-04-19,91.0,1073,64.0,3,522
2023-04-20,119.0,1054,42.0,7,526
2023-04-21,81.0,1016,49.0,4,466
2023-04-22,107.0,1077,33.0,6,468
2023-04-23,110.0,954,60.0,7,482
2023-04-24,110.0,1000,42.0,4,512
2023-04-25,94.0,981,50.0,6,496
2023-04-26,96.0,1033,52.0,7,482
2023-04-27,125.0,953,42.0,3,499
2023-04-28,85.0,1043,50.0,4,517
2023-04-29,85.0,1043,52.0,5,510
2023-04-30,93.0,1003,51.0,5,534
2023-05-01,101.0,949,57.0,5,476
2023-05-02,114.0,1137,59.0,4,460
2023-05-03,89.0,921,70.0,9,481
2023-05-04,98.0,1049,62.0,4,531
2023-05-05,,1107,54.0,6,483
2023-05-06,115.0,986,56.0,4,546
2023-05-07,122.0,1016,35.0,5,473
2023-05-08,81.0,1017,55.0,8,523
2023-05-09,88.0,1084,50.0,5,498
2023-05-10,106.0,971,51.0,3,482
2023-05-11,75.0,1047,44.0,4,543
2023-05-12,93.0,936,60.0,6,492
2023-05-13,85.0,945,53.0,3,508
2023-05-14,123.0,1032,61.0,2,460
2023-05-15,91.0,1028,43.0,5,478
2023-05-16,121.0,967,46.0,2,489
2023-05-17,110.0,973,38.0,7,487
2023-05-18,99.0,965,62.0,5,494
2023-05-19,123.0,951,55.0,8,505
2023-05-20,128.0,1036,34.0,3,517
2023-05-21,80.0,955,53.0,2,506
2023-05-22,,1025,50.0,7,486
2023-05-23,85.0,939,,7,437
2023-05-24,95.0,1005,51.0,5,488
2023-05-25,102.0,1031,38.0,8,477
2023-05-26,97.0,925,43.0,5,514
2023-05-27,109.0,1038,63.0,3,446
2023-05-28,116.0,1048,39.0,6,497
2023-05-29,71.0,1024,53.0,5,490
2023-05-30,87.0,911,39.0,4,435
2023-05-31,108.0,979,45.0,5,501
2023-06-01,96.0,897,55.0,6,517
2023-06-02,101.0,939,45.0,4,473
2023-06-03,102.0,1036,41.0,2,467
2023-06-04,97.0,996,47.0,4,500
2023-06-05,91.0,947,46.0,5,484
2023-06-06,111.0,912,48.0,1,477
2023-06-07,120.0,981,42.0,4,533
2023-06-08,103.0,1050,59.0,6,498
2023-06-09,84.0,1120,43.0,5,497
2023-06-10,106.0,915,60.0,5,499
2023-06-11,112.0,1074,49.0,2,480
2023-06-12,71.0,967,57.0,4,478
2023-06-13,76.0,980,32.0,5,484
2023-06-14,82.0,1056,33.0,7,499
2023-06-15,96.0,1081,52.0,9,487
2023-06-16,96.0,1122,65.0,4,499
2023-06-17,90.0,905,59.0,6,545
2023-06-18,99.0,1073,47.0,5,479
2023-06-19,90.0,988,52.0,8,499
2023-06-20,95.0,1020,40.0,5,522
2023-06-21,94.0,967,57.0,3,518
2023-06-22,92.0,984,55.0,4,499
2023-06-23,129.0,1027,55.0,6,494
2023-06-24,101.0,902,56.0,6,440
2023-06-25,106.0,1003,45.0,4,505
2023-06-26,103.0,1025,59.0,2,498
2023-06-27,104.0,924,51.0,2,491
2023-06-28,123.0,1015,51.0,3,512
2023-06-29,108.0,1087,62.0,3,535
2023-06-30,115.0,1044,52.0,2,504
2023-07-01,,1086,55.0,4,498
2023-07-02,125.0,1052,44.0,5,501
2023-07-03,87.0,1049,49.0,7,474
2023-07-04,,968,52.0,5,539
2023-07-05,91.0,1106,51.0,4,470
2023-07-06,96.0,932,58.0,9,487
2023-07-07,100.0,1021,45.0,5,519
2023-07-08,84.0,1006,67.0,2,506
2023-07-09,98.0,1093,47.0,4,477
2023-07-10,102.0,1027,49.0,6,534
2023-07-11,75.0,849,58.0,6,505
2023-07-12,,897,69.0,4,511
2023-07-13,113.0,1086,44.0,5,504
2023-07-14,102.0,1051,,4,500
2023-07-15,128.0,1086,66.0,5,509
2023-07-16,83.0,861,53.0,3,524
2023-07-17,112.0,1026,33.0,7,478
2023-07-18,92.0,894,52.0,7,475
2023-07-19,100.0,855,50.0,8,515
2023-07-20,111.0,1038,37.0,6,531
2023-07-21,111.0,876,51.0,6,505
2023-07-22,107.0,1132,59.0,5,506
2023-07-23,50.0,967,44.0,8,476
2023-07-24,113.0,1086,56.0,3,508
2023-07-25,104.0,890,60.0,7,483
2023-07-26,83.0,958,51.0,4,526
2023-07-27,107.0,974,46.0,4,515
2023-07-28,88.0,983,62.0,7,483
2023-07-29,79.0,971,34.0,7,491
2023-07-30,94.0,897,52.0,4,506
2023-07-31,105.0,970,47.0,4,477
2023-08-01,93.0,964,41.0,6,514
2023-08-02,91.0,1024,46.0,3,444
2023-08-03,75.0,1071,52.0,3,518
2023-08-04,114.0,941,66.0,4,478
2023-08-05,125.0,1000,62.0,6,510
2023-08-06,85.0,934,69.0,5,482
2023-08-07,110.0,954,63.0,4,541
2023-08-08,121.0,1152,48.0,4,493
2023-08-09,121.0,1025,59.0,6,485
2023-08-10,70.0,987,56.0,5,477
2023-08-11,102.0,1056,43.0,8,493
2023-08-12,99.0,983,52.0,1,484
2023-08-13,113.0,963,31.0,5,510
2023-08-14,89.0,1134,43.0,10,468
2023-08-15,110.0,1095,47.0,3,516
2023-08-16,90.0,1081,59.0,3,501
2023-08-17,97.0,953,54.0,3,499
2023-08-18,90.0,901,62.0,5,484
2023-08-19,,966,45.0,9,512
2023-08-20,113.0,1081,52.0,2,528
2023-08-21,108.0,1014,67.0,3,498
2023-08-22,83.0,1026,61.0,8,498
2023-08-23,101.0,1029,45.0,3,481
2023-08-24,127.0,856,65.0,1,550
2023-08-25,107.0,982,51.0,2,530
2023-08-26,89.0,1058,38.0,7,508
2023-08-27,115.0,986,61.0,12,498
2023-08-28,77.0,1062,51.0,4,457
2023-08-29,102.0,997,53.0,4,503
2023-08-30,115.0,865,65.0,2,467
2023-08-31,130.0,1060,56.0,9,452
2023-09-01,118.0,904,48.0,5,522
2023-09-02,145.0,999,75.0,4,481
2023-09-03,98.0,1035,49.0,2,558
2023-09-04,95.0,1045,41.0,10,487
2023-09-05,70.0,960,48.0,5,501
2023-09-06,117.0,1053,52.0,5,480
2023-09-07,98.0,949,52.0,3,486
2023-09-08,116.0,1024,39.0,4,518
2023-09-09,109.0,1029,46.0,4,508
2023-09-10,104.0,923,62.0,7,530
2023-09-11,106.0,952,49.0,2,487
2023-09-12,84.0,1134,55.0,4,498
2023-09-13,86.0,991,56.0,4,504
2023-09-14,115.0,1081,69.0,5,495
2023-09-15,105.0,1063,45.0,3,512
2023-09-16,79.0,1041,65.0,6,506
2023-09-17,78.0,1094,41.0,3,464
2023-09-18,92.0,943,53.0,10,497
2023-09-19,99.0,998,44.0,5,496
2023-09-20,99.0,1011,51.0,4,554
2023-09-21,87.0,1124,54.0,5,483
2023-09-22,82.0,1082,51.0,10,496
2023-09-23,76.0,1052,52.0,6,534
2023-09-24,97.0,999,41.0,3,489
2023-09-25,107.0,1092,,10,540
2023-09-26,103.0,954,47.0,6,478
2023-09-27,119.0,927,50.0,3,531
2023-09-28,77.0,947,53.0,8,481
2023-09-29,67.0,994,36.0,1,502
2023-09-30,110.0,1122,54.0,2,540
2023-10-01,84.0,950,59.0,6,486
2023-10-02,,1107,59.0,4,507
2023-10-03,119.0,879,50.0,8,527
2023-10-04,95.0,909,50.0,6,491
2023-10-05,115.0,959,45.0,7,493
2023-10-06,126.0,1005,53.0,3,511
2023-10-07,83.0,1062,48.0,6,491
2023-10-08,101.0,972,31.0,9,478
2023-10-09,98.0,965,49.0,2,497
2023-10-10,106.0,878,68.0,2,505
2023-10-11,91.0,945,49.0,2,487
2023-10-12,100.0,982,37.0,3,521
2023-10-13,92.0,1059,34.0,3,483
2023-10-14,73.0,1012,41.0,5,478
2023-10-15,81.0,937,46.0,7,478
2023-10-16,118.0,1061,61.0,2,508
2023-10-17,76.0,1037,60.0,7,517
2023-10-18,89.0,991,44.0,9,484
2023-10-19,86.0,1051,41.0,1,489
2023-10-20,106.0,994,,5,479
2023-10-21,,1056,46.0,6,489
2023-10-22,98.0,980,35.0,3,493
2023-10-23,90.0,1009,57.0,6,475
2023-10-24,108.0,907,65.0,9,479
2023-10-25,82.0,969,,7,476
2023-10-26,104.0,874,40.0,4,503
2023-10-27,85.0,1119,41.0,1,523
2023-10-28,106.0,1131,66.0,5,485
2023-10-29,103.0,1048,42.0,6,514
2023-10-30,73.0,954,50.0,4,486
2023-10-31,76.0,1012,50.0,11,514
2023-11-01,94.0,1027,68.0,7,496
2023-11-02,79.0,946,41.0,1,521
2023-11-03,96.0,1033,49.0,4,478
2023-11-04,101.0,1090,51.0,6,509
2023-11-05,105.0,1061,47.0,7,465
2023-11-06,,899,48.0,3,531
2023-11-07,76.0,971,54.0,8,487
2023-11-08,89.0,915,53.0,10,482
2023-11-09,94.0,1066,36.0,2,466
2023-11-10,109.0,1097,50.0,7,512
2023-11-11,98.0,984,63.0,4,492
2023-11-12,88.0,963,49.0,5,465
2023-11-13,77.0,1062,62.0,5,524
2023-11-14,85.0,944,59.0,4,475
2023-11-15,119.0,891,55.0,3,451
2023-11-16,85.0,978,58.0,6,536
2023-11-17,107.0,877,61.0,6,481
2023-11-18,78.0,1047,52.0,7,471
2023-11-19,120.0,1015,42.0,6,505
2023-11-20,85.0,1090,58.0,4,514
2023-11-21,120.0,1102,47.0,2,520
2023-11-22,80.0,1066,54.0,4,526
2023-11-23,92.0,1061,54.0,5,484
2023-11-24,92.0,1070,45.0,6,499
2023-11-25,87.0,997,36.0,4,548
2023-11-26,119.0,1103,48.0,3,526
2023-11-27,100.0,959,59.0,7,513
2023-11-28,117.0,1043,58.0,8,487
2023-11-29,69.0,995,46.0,7,503
2023-11-30,67.0,1008,61.0,8,523
2023-12-01,104.0,1053,43.0,3,521
2023-12-02,85.0,980,44.0,7,495
2023-12-03,85.0,1009,51.0,3,468
2023-12-04,78.0,1035,48.0,5,499
2023-12-05,,946,49.0,1,476
2023-12-06,116.0,978,36.0,8,482
2023-12-07,,896,55.0,3,511
2023-12-08,77.0,932,39.0,5,508
2023-12-09,99.0,989,35.0,4,500
2023-12-10,120.0,996,53.0,7,479
2023-12-11,89.0,998,43.0,6,484
2023-12-12,76.0,993,50.0,5,512
2023-12-13,68.0,873,52.0,3,555
2023-12-14,103.0,995,40.0,3,527
2023-12-15,114.0,1134,46.0,3,498
2023-12-16,97.0,1119,51.0,6,541
2023-12-17,105.0,1030,46.0,3,486
2023-12-18,86.0,989,59.0,7,513
2023-12-19,119.0,885,52.0,3,463
2023-12-20,126.0,1013,34.0,11,501
2023-12-21,107.0,948,55.0,5,524
2023-12-22,79.0,900,50.0,7,480
2023-12-23,94.0,1048,47.0,2,459
2023-12-24,128.0,1012,50.0,2,552
2023-12-25,104.0,1027,48.0,5,509
2023-12-26,115.0,1015,63.0,8,474
2023-12-27,98.0,880,52.0,4,487
2023-12-28,74.0,1007,,6,495
2023-12-29,,939,53.0,4,506
2023-12-30,106.0,1010,36.0,7,533
2023-12-31,81.0,1027,48.0,3,481
2024-01-01,85.0,1008,51.0,4,541
2024-01-02,99.0,1057,60.0,5,522
2024-01-03,79.0,1032,47.0,6,483
2024-01-04,111.0,967,35.0,7,505
2024-01-05,97.0,1065,67.0,0,486
2024-01-06,88.0,885,47.0,4,490
2024-01-07,132.0,1039,48.0,5,535
2024-01-08,114.0,929,62.0,5,501
2024-01-09,98.0,964,44.0,3,508
2024-01-10,104.0,1000,45.0,9,478
2024-01-11,70.0,1108,52.0,6,477
2024-01-12,83.0,1115,51.0,3,502
2024-01-13,79.0,980,43.0,7,486
2024-01-14,99.0,894,56.0,3,497
2024-01-15,98.0,979,64.0,3,515
2024-01-16,107.0,1035,59.0,8,526
2024-01-17,109.0,962,64.0,2,516
2024-01-18,91.0,1069,50.0,5,470
2024-01-19,101.0,1066,45.0,1,500
2024-01-20,105.0,978,50.0,4,476
2024-01-21,133.0,1017,46.0,4,474
2024-01-22,112.0,893,40.0,4,517
2024-01-23,116.0,1151,56.0,9,498
2024-01-24,127.0,1048,42.0,7,504
2024-01-25,,1044,59.0,3,528
2024-01-26,120.0,1138,59.0,7,492
2024-01-27,127.0,984,64.0,3,495
2024-01-28,87.0,993,36.0,3,451
2024-01-29,93.0,1082,54.0,4,501
2024-01-30,125.0,1086,34.0,6,504
2024-01-31,88.0,1080,51.0,1,517
